school_id,school_name,province,type,is_985,is_211,recruit_number,rank
140,上海海洋大学,上海,农林类,否,否,1946,181
1211,上海第二工业大学,上海,理工类,否,否,1165,426
1089,上海工程技术大学,上海,理工类,否,否,1733,291
376,东北林业大学,黑龙江,农林类,否,是,2242,140
1001,兰州财经大学,甘肃,财经类,否,否,1055,745
43,西藏大学,西藏,综合类,否,是,820,247
82,海军工程大学,湖北,军事类,否,否,356,2000
459,青岛大学,山东,综合类,否,否,2076,136
269,上海师范大学,上海,综合类,否,否,3138,147
5,清华大学,北京,综合类,是,是,2979,1
147,北京大学,北京,综合类,是,是,3604,2
171,浙江大学,浙江,综合类,是,是,4496,3
267,上海交通大学,上海,综合类,是,是,4754,4
254,复旦大学,上海,综合类,是,是,4907,5
39,南京大学,江苏,综合类,是,是,3478,6
160,中国科学技术大学,安徽,综合类,是,是,3475,7
37,华中科技大学,湖北,综合类,是,是,4120,8
3,武汉大学,湖北,综合类,是,是,3215,9
225,西安交通大学,陕西,综合类,是,是,4168,10
231,中山大学,广东,综合类,是,是,3805,11
182,北京航空航天大学,北京,理工类,是,是,2792,12
287,东南大学,江苏,综合类,是,是,3033,13
184,北京理工大学,北京,理工类,是,是,2630,14
208,四川大学,四川,综合类,是,是,3920,15
378,哈尔滨工业大学,黑龙江,理工类,是,是,3623,16
7,北京协和医学院,北京,医药类,否,否,541,17
257,同济大学,上海,综合类,是,是,3756,18
178,中国人民大学,北京,综合类,是,是,2696,19
174,北京师范大学,北京,师范类,是,是,3115,20
242,天津大学,天津,综合类,是,是,3733,21
243,南开大学,天津,综合类,是,是,2300,22
292,山东大学,山东,综合类,是,是,3667,23
149,西北工业大学,陕西,理工类,是,是,3320,24
144,厦门大学,福建,综合类,是,是,3956,25
51,中南大学,湖南,综合类,是,是,3706,26
359,吉林大学,吉林,综合类,是,是,4350,27
194,中国农业大学,北京,农林类,是,是,2085,28
318,大连理工大学,辽宁,理工类,是,是,3429,29
261,华东师范大学,上海,师范类,是,是,3184,30
56,华南理工大学,广东,综合类,是,是,3246,31
222,电子科技大学,四川,理工类,是,是,3511,32
121,湖南大学,湖南,综合类,是,是,2914,33
252,重庆大学,重庆,综合类,是,是,2788,34
1386,南方科技大学,广东,理工类,否,否,737,35
410,北京科技大学,北京,理工类,否,是,2062,36
264,上海财经大学,上海,财经类,否,是,1797,37
275,南京航空航天大学,江苏,理工类,否,是,2445,38
282,南京理工大学,江苏,理工类,否,是,2729,39
262,兰州大学,甘肃,综合类,是,是,3701,40
319,东北大学,辽宁,理工类,是,是,3146,41
204,首都医科大学,北京,医药类,否,否,1303,42
229,西安电子科技大学,陕西,理工类,否,是,2514,43
19,北京交通大学,北京,理工类,否,是,2486,44
1407,上海科技大学,上海,理工类,否,否,579,45
284,苏州大学,江苏,综合类,否,是,3903,46
259,华东理工大学,上海,理工类,否,是,2509,47
416,中央财经大学,北京,财经类,否,是,1507,48
285,哈尔滨工程大学,黑龙江,理工类,否,是,3183,49
360,东北师范大学,吉林,师范类,否,是,1691,50
930,南方医科大学,广东,医药类,否,否,1757,51
90,华中农业大学,湖北,农林类,否,是,3263,52
950,中国石油大学（北京）,北京,理工类,否,是,1987,53
277,南京医科大学,江苏,医药类,否,否,1767,54
1390,香港中文大学（深圳）,香港,综合类,否,否,0,55
33,南京农业大学,江苏,农林类,否,是,1874,56
25,郑州大学,河南,综合类,否,是,8053,57
155,暨南大学,广东,综合类,否,是,4744,58
377,哈尔滨医科大学,黑龙江,医药类,否,否,1471,59
1115,南京师范大学,江苏,师范类,否,是,2445,60
126,武汉理工大学,湖北,理工类,否,是,4828,61
450,中国矿业大学,江苏,综合类,否,是,2080,62
176,对外经济贸易大学,北京,财经类,否,是,1595,63
338,中国医科大学,辽宁,医药类,否,否,2108,64
189,中国政法大学,北京,政法类,否,是,1161,65
288,江南大学,江苏,综合类,否,是,2710,66
245,天津医科大学,天津,医药类,否,是,625,67
142,上海大学,上海,综合类,否,是,3285,68
460,中国海洋大学,山东,综合类,是,是,2859,69
131,华中师范大学,湖北,师范类,否,是,2695,70
220,西南交通大学,四川,理工类,否,是,3227,71
307,中国石油大学（华东）,山东,理工类,否,是,2047,72
108,中国地质大学（武汉）,湖北,理工类,否,是,2680,73
557,陕西师范大学,陕西,师范类,否,是,2093,74
123,北京邮电大学,北京,理工类,否,是,1700,75
69,浙江工业大学,浙江,理工类,否,否,3810,76
41,河海大学,江苏,综合类,否,是,2633,77
55,北京工业大学,北京,理工类,否,是,2043,78
151,西北大学,陕西,综合类,否,是,2504,79
411,北京化工大学,北京,理工类,否,是,1708,80
925,西南大学,重庆,综合类,否,是,3321,81
202,云南大学,云南,综合类,否,是,3183,82
209,西南财经大学,四川,财经类,否,是,1928,83
181,南昌大学,江西,综合类,否,是,4499,84
91,中南财经政法大学,湖北,财经类,否,是,2259,85
228,深圳大学,广东,综合类,否,否,3025,86
232,西北农林科技大学,陕西,农林类,是,是,2783,87
177,北京外国语大学,北京,语言类,否,是,1109,88
393,中国地质大学（北京）,北京,理工类,否,是,1638,89
199,华北电力大学,北京,理工类,否,是,2380,90
141,东华大学,上海,综合类,否,是,2236,91
78,中国矿业大学（北京）,北京,理工类,否,是,1914,92
143,宁波大学,浙江,综合类,否,否,2662,93
239,华南师范大学,广东,师范类,否,是,4181,94
276,江苏大学,江苏,综合类,否,否,3987,95
186,福州大学,福建,理工类,否,是,3163,96
137,扬州大学,江苏,综合类,否,否,3935,97
138,合肥工业大学,安徽,理工类,否,是,2271,98
95,北京中医药大学,北京,医药类,否,是,587,99
70,北京林业大学,北京,农林类,否,是,1222,100
380,中国传媒大学,北京,综合类,否,是,1145,101
278,南京邮电大学,江苏,理工类,否,否,2509,102
120,湖南师范大学,湖南,师范类,否,是,2884,104
253,重庆医科大学,重庆,医药类,否,否,1197,105
185,福建师范大学,福建,师范类,否,否,2618,106
168,浙江师范大学,浙江,综合类,否,否,2896,107
74,南京工业大学,江苏,理工类,否,否,3018,108
154,广西大学,广西,综合类,否,是,5394,109
191,首都师范大学,北京,师范类,否,否,1506,110
226,长安大学,陕西,理工类,否,是,2857,111
274,南京林业大学,江苏,农林类,否,否,2094,112
236,华南农业大学,广东,综合类,否,否,2806,113
408,上海中医药大学,上海,医药类,否,否,985,114
59,安徽大学,安徽,综合类,否,是,3550,115
198,贵州大学,贵州,综合类,否,是,4125,116
63,温州医科大学,浙江,医药类,否,否,1756,117
272,上海外国语大学,上海,语言类,否,是,768,118
466,杭州电子科技大学,浙江,理工类,否,否,2295,119
53,广州医科大学,广东,医药类,否,否,1120,120
153,广州大学,广东,综合类,否,否,3964,121
109,河南大学,河南,综合类,否,否,4267,122
322,东北财经大学,辽宁,财经类,否,否,1549,123
156,广东工业大学,广东,理工类,否,否,3226,124
310,山西大学,山西,综合类,否,否,3306,125
200,湘潭大学,湖南,综合类,否,否,1966,126
453,中国药科大学,江苏,医药类,否,是,1074,127
451,南京信息工程大学,江苏,理工类,否,否,2485,128
119,中央民族大学,北京,民族类,是,是,1369,129
515,海南大学,海南,综合类,否,是,2885,130
293,山东师范大学,山东,师范类,否,否,2847,131
467,浙江理工大学,浙江,理工类,否,否,2567,132
139,上海理工大学,上海,理工类,否,否,3257,133
309,太原理工大学,山西,理工类,否,是,2878,134
89,河北工业大学,天津,理工类,否,是,2580,135
320,大连海事大学,辽宁,理工类,否,是,2446,137
98,外交学院,北京,语言类,否,否,211,138
92,燕山大学,河北,综合类,否,否,3309,139
1125,宁波诺丁汉大学,浙江,综合类,否,否,0,141
230,西安建筑科技大学,陕西,理工类,否,否,2848,142
578,昆明理工大学,云南,综合类,否,否,4626,143
313,内蒙古大学,内蒙古,综合类,否,是,2509,144
476,江西师范大学,江西,师范类,否,否,2607,145
227,西安理工大学,陕西,理工类,否,否,2798,146
340,大连医科大学,辽宁,医药类,否,否,1348,148
67,杭州师范大学,浙江,综合类,否,否,1767,149
1568,昆山杜克大学,江苏,综合类,否,否,0,150
379,东北农业大学,黑龙江,农林类,否,是,1943,151
432,河北医科大学,河北,医药类,否,否,987,152
106,武汉科技大学,湖北,综合类,否,否,2999,153
461,山东科技大学,山东,理工类,否,否,2804,154
550,陕西科技大学,陕西,理工类,否,否,1628,155
190,福建农林大学,福建,农林类,否,否,2647,156
179,江西财经大学,江西,财经类,否,否,2077,157
127,长沙理工大学,湖南,理工类,否,否,2747,158
247,河北大学,河北,综合类,否,否,3180,159
280,宁夏大学,宁夏,综合类,否,是,2593,160
283,新疆大学,新疆,综合类,否,是,4927,161
212,西南石油大学,四川,综合类,否,否,2369,162
317,辽宁大学,辽宁,综合类,否,是,1896,163
71,温州大学,浙江,综合类,否,否,1671,164
2,湖北大学,湖北,综合类,否,否,3221,165
216,四川农业大学,四川,农林类,否,是,1901,166
145,长春理工大学,吉林,理工类,否,否,1986,167
470,浙江工商大学,浙江,财经类,否,否,2489,168
479,石河子大学,新疆,综合类,否,是,2508,169
65,中国计量大学,浙江,理工类,否,否,1745,170
112,天津工业大学,天津,综合类,否,否,1857,171
136,南京中医药大学,江苏,医药类,否,否,1317,172
161,安徽师范大学,安徽,综合类,否,否,2385,173
449,江苏科技大学,江苏,理工类,否,否,1693,174
421,首都经济贸易大学,北京,财经类,否,否,1136,175
244,天津师范大学,天津,师范类,否,否,1820,176
306,齐鲁工业大学,山东,理工类,否,否,1592,177
414,北京语言大学,北京,语言类,否,否,500,178
286,江苏师范大学,江苏,师范类,否,否,2171,179
294,山东农业大学,山东,农林类,否,否,1860,180
187,福建医科大学,福建,医药类,否,否,1497,182
88,湖北工业大学,湖北,理工类,否,否,2408,183
1025,浙江农林大学,浙江,农林类,否,否,1717,184
273,华东政法大学,上海,政法类,否,否,1270,185
494,河南农业大学,河南,农林类,否,否,1572,186
20,常州大学,江苏,理工类,否,否,1606,187
1493,西交利物浦大学,江苏,综合类,否,否,0,188
337,沈阳农业大学,辽宁,农林类,否,否,1898,189
124,河南师范大学,河南,师范类,否,否,2281,190
519,重庆邮电大学,重庆,理工类,否,否,2169,191
221,广州中医药大学,广东,医药类,否,否,1161,192
456,安徽农业大学,安徽,农林类,否,否,2173,193
205,成都理工大学,四川,理工类,否,否,2283,194
457,安徽医科大学,安徽,医药类,否,否,1734,195
510,广西师范大学,广西,师范类,否,否,2955,196
81,黑龙江大学,黑龙江,综合类,否,否,2605,197
405,上海体育大学,上海,体育类,否,否,360,198
255,西南政法大学,重庆,政法类,否,否,1652,199
412,北京建筑大学,北京,理工类,否,否,1266,200
86,武汉工程大学,湖北,理工类,否,否,1930,201
448,南通大学,江苏,综合类,否,否,1598,202
468,浙江中医药大学,浙江,医药类,否,否,1397,203
248,河北师范大学,河北,师范类,否,否,1978,204
507,广西医科大学,广西,医药类,否,否,1742,205
104,天津科技大学,天津,理工类,否,否,1764,206
300,青岛科技大学,山东,理工类,否,否,2111,207
66,华侨大学,福建,综合类,否,否,1753,208
50,广东外语外贸大学,广东,语言类,否,否,1617,209
496,河南科技大学,河南,综合类,否,否,1738,210
362,延边大学,吉林,综合类,否,是,1592,211
435,山西医科大学,山西,医药类,否,否,1710,212
152,汕头大学,广东,综合类,否,否,1229,213
128,武汉纺织大学,湖北,理工类,否,否,1335,214
75,南京财经大学,江苏,财经类,否,否,1492,215
423,天津中医药大学,天津,医药类,否,否,856,216
474,江西理工大学,江西,理工类,否,否,1636,217
150,西安科技大学,陕西,理工类,否,否,1852,218
61,集美大学,福建,综合类,否,否,1098,219
266,西北师范大学,甘肃,师范类,否,否,3138,220
488,湖南农业大学,湖南,农林类,否,否,2369,221
996,青海大学,青海,综合类,否,是,1451,222
219,成都中医药大学,四川,医药类,否,否,959,223
148,辽宁师范大学,辽宁,师范类,否,否,1950,224
62,浙江财经大学,浙江,财经类,否,否,1355,225
73,上海海事大学,上海,理工类,否,否,2303,226
363,吉林农业大学,吉林,农林类,否,否,1613,227
407,上海对外经贸大学,上海,财经类,否,否,1629,228
303,曲阜师范大学,山东,师范类,否,否,1376,229
23,三峡大学,湖北,综合类,否,否,2606,230
1393,深圳北理莫斯科大学,广东,综合类,否,否,0,231
472,华东交通大学,江西,理工类,否,否,1676,232
296,济南大学,山东,综合类,否,否,1819,233
434,中北大学,山西,综合类,否,否,2048,234
1191,山东财经大学,山东,财经类,否,否,1261,235
473,南昌航空大学,江西,理工类,否,否,1301,236
12,天津理工大学,天津,理工类,否,否,1597,237
24,湖南科技大学,湖南,综合类,否,否,1833,238
162,安徽工业大学,安徽,理工类,否,否,1582,239
130,长江大学,湖北,综合类,否,否,2654,240
567,兰州理工大学,甘肃,理工类,否,否,2790,241
258,重庆交通大学,重庆,理工类,否,否,1763,242
323,沈阳工业大学,辽宁,理工类,否,否,2106,243
298,烟台大学,山东,综合类,否,否,1142,244
22,山东理工大学,山东,理工类,否,否,1517,245
36,安徽理工大学,安徽,理工类,否,否,2024,246
1088,上海电力大学,上海,理工类,否,否,1650,248
105,北京工商大学,北京,财经类,否,否,1371,249
251,河北农业大学,河北,农林类,否,否,1609,250
110,北方工业大学,北京,理工类,否,否,1205,251
80,西安邮电大学,陕西,理工类,否,否,1272,252
1238,北京电子科技学院,北京,理工类,否,否,120,253
218,四川师范大学,四川,师范类,否,否,1711,254
581,云南师范大学,云南,师范类,否,否,2818,255
35,南华大学,湖南,综合类,否,否,2174,256
180,江西农业大学,江西,农林类,否,否,1255,257
304,山东第一医科大学,山东,医药类,否,否,1014,258
18,河南理工大学,河南,理工类,否,否,1979,259
368,苏州科技大学,江苏,综合类,否,否,1293,260
314,内蒙古农业大学,内蒙古,农林类,否,否,1463,261
400,北京信息科技大学,北京,理工类,否,否,1053,262
568,兰州交通大学,甘肃,理工类,否,否,2449,263
1397,北师香港浸会大学,广东,综合类,否,否,0,264
1201,南京审计大学,江苏,财经类,否,否,912,265
497,河南工业大学,河南,理工类,否,否,1247,266
424,天津财经大学,天津,财经类,否,否,1215,267
462,青岛理工大学,山东,理工类,否,否,1344,268
206,中国人民公安大学,北京,政法类,否,否,851,269
336,大连工业大学,辽宁,理工类,否,否,1047,270
452,徐州医科大学,江苏,医药类,否,否,1191,271
117,国际关系学院,北京,政法类,否,否,219,272
330,沈阳航空航天大学,辽宁,理工类,否,否,1125,273
342,沈阳药科大学,辽宁,医药类,否,否,1526,274
444,沈阳建筑大学,辽宁,理工类,否,否,1626,275
521,重庆师范大学,重庆,师范类,否,否,2385,276
133,中南民族大学,湖北,综合类,否,否,1111,277
290,青岛农业大学,山东,农林类,否,否,1396,278
201,北京体育大学,北京,体育类,否,是,601,279
312,山西农业大学,山西,农林类,否,否,1628,280
234,西安工业大学,陕西,理工类,否,否,1272,281
1206,湖州师范学院,浙江,综合类,否,否,778,282
386,东北石油大学,黑龙江,理工类,否,否,1283,283
1346,佛山大学,广东,理工类,否,否,772,284
1499,嘉兴大学,浙江,综合类,否,否,258,285
1024,浙江海洋大学,浙江,农林类,否,否,1065,286
211,西南科技大学,四川,理工类,否,否,1801,287
1012,海南师范大学,海南,师范类,否,否,1008,288
249,石家庄铁道大学,河北,理工类,否,否,1243,289
47,青海师范大学,青海,综合类,否,否,947,290
430,河北科技大学,河北,理工类,否,否,1623,292
455,安徽财经大学,安徽,财经类,否,否,1415,293
490,中南林业科技大学,湖南,农林类,否,否,1644,294
195,桂林电子科技大学,广西,理工类,否,否,2009,295
385,哈尔滨理工大学,黑龙江,理工类,否,否,1735,296
1391,成都大学,四川,综合类,否,否,924,297
265,甘肃农业大学,甘肃,农林类,否,否,1471,298
1408,东莞理工学院,广东,理工类,否,否,438,299
301,鲁东大学,山东,综合类,否,否,1096,300
1378,浙江科技大学,浙江,理工类,否,否,741,301
1013,重庆理工大学,重庆,理工类,否,否,1918,302
315,内蒙古师范大学,内蒙古,师范类,否,否,1585,303
335,沈阳化工大学,辽宁,理工类,否,否,1122,304
302,聊城大学,山东,综合类,否,否,1090,305
207,西南医科大学,四川,医药类,否,否,1158,306
299,山东建筑大学,山东,理工类,否,否,1186,307
281,宁夏医科大学,宁夏,医药类,否,否,1078,308
1017,东华理工大学,江西,理工类,否,否,1259,309
295,山东中医药大学,山东,医药类,否,否,1303,310
384,哈尔滨师范大学,黑龙江,师范类,否,否,1699,311
934,武汉轻工大学,湖北,理工类,否,否,1139,312
1018,赣南师范大学,江西,师范类,否,否,945,313
413,北京第二外国语学院,北京,语言类,否,否,578,314
85,长春工业大学,吉林,理工类,否,否,1305,315
46,西北政法大学,陕西,政法类,否,否,999,316
83,渤海大学,辽宁,综合类,否,否,1205,317
125,华北水利水电大学,河南,理工类,否,否,1020,318
1138,上海应用技术大学,上海,理工类,否,否,1403,319
79,西安石油大学,陕西,理工类,否,否,1748,320
1422,温州肯恩大学,浙江,综合类,否,否,0,321
308,山西师范大学,山西,师范类,否,否,1248,322
87,郑州轻工业大学,河南,理工类,否,否,1006,323
146,东北电力大学,吉林,理工类,否,否,1180,324
1091,滨州医学院,山东,医药类,否,否,790,325
577,贵州师范大学,贵州,师范类,否,否,1861,326
986,大连大学,辽宁,综合类,否,否,665,327
334,辽宁石油化工大学,辽宁,理工类,否,否,1203,328
224,西华师范大学,四川,师范类,否,否,1645,329
480,新疆医科大学,新疆,医药类,否,否,1686,330
938,北京农学院,北京,农林类,否,否,749,331
1244,南京工程学院,江苏,理工类,否,否,468,332
1027,安徽工程大学,安徽,理工类,否,否,958,333
1502,浙大城市学院,浙江,综合类,否,否,138,334
447,沈阳师范大学,辽宁,师范类,否,否,1084,335
492,湖南中医药大学,湖南,医药类,否,否,831,336
327,大连交通大学,辽宁,理工类,否,否,1301,337
1046,成都信息工程大学,四川,理工类,否,否,1214,338
32,河南中医药大学,河南,医药类,否,否,1195,339
1370,上海海关学院,上海,财经类,否,否,172,340
495,新乡医学院,河南,医药类,否,否,795,341
237,西安工程大学,陕西,综合类,否,否,1195,342
506,桂林理工大学,广西,理工类,否,否,2077,343
844,江汉大学,湖北,综合类,否,否,957,344
1192,上海政法学院,上海,政法类,否,否,332,345
439,沈阳理工大学,辽宁,理工类,否,否,1135,346
1030,安徽建筑大学,安徽,理工类,否,否,919,347
116,湖南工业大学,湖南,综合类,否,否,1225,348
1377,绍兴文理学院,浙江,综合类,否,否,704,349
1220,厦门理工学院,福建,理工类,否,否,710,350
333,辽宁工程技术大学,辽宁,理工类,否,否,1525,351
118,北京印刷学院,北京,理工类,否,否,702,353
316,内蒙古工业大学,内蒙古,理工类,否,否,1476,354
203,昆明医科大学,云南,医药类,否,否,1627,355
1218,北京石油化工学院,北京,综合类,否,否,445,356
429,华北理工大学,河北,综合类,否,否,1853,357
560,延安大学,陕西,综合类,否,否,1258,359
422,中国民航大学,天津,理工类,否,否,1199,360
383,黑龙江八一农垦大学,黑龙江,农林类,否,否,854,361
111,中原工学院,河南,理工类,否,否,799,362
440,辽宁科技大学,辽宁,理工类,否,否,942,363
571,西南民族大学,四川,民族类,否,否,1208,364
985,沈阳大学,辽宁,综合类,否,否,478,365
1226,合肥大学,安徽,综合类,否,否,650,366
341,辽宁中医药大学,辽宁,医药类,否,否,691,367
361,北华大学,吉林,综合类,否,否,1085,368
477,新疆农业大学,新疆,农林类,否,否,1757,369
958,北京联合大学,北京,综合类,否,否,284,370
311,山西财经大学,山西,财经类,否,否,1525,371
1205,闽江学院,福建,综合类,否,否,225,372
576,遵义医科大学,贵州,医药类,否,否,929,373
324,辽宁工业大学,辽宁,理工类,否,否,838,374
1358,湖北医药学院,湖北,医药类,否,否,521,375
1500,宁波工程学院,浙江,理工类,否,否,107,376
428,河北工程大学,河北,理工类,否,否,1128,377
583,云南农业大学,云南,农林类,否,否,1524,378
1426,盐城工学院,江苏,理工类,否,否,520,379
107,太原科技大学,山西,理工类,否,否,1159,380
101,吉首大学,湖南,综合类,否,否,764,381
1230,重庆科技大学,重庆,理工类,否,否,873,382
926,广东海洋大学,广东,综合类,否,否,728,383
321,大连海洋大学,辽宁,农林类,否,否,1110,384
437,内蒙古医科大学,内蒙古,医药类,否,否,1141,385
1198,淮阴工学院,江苏,理工类,否,否,494,386
436,内蒙古科技大学,内蒙古,综合类,否,否,1908,387
463,山东第二医科大学,山东,医药类,否,否,1008,388
1492,台州学院,浙江,综合类,否,否,138,389
951,重庆工商大学,重庆,财经类,否,否,1813,390
389,黑龙江中医药大学,黑龙江,医药类,否,否,1025,391
989,塔里木大学,新疆,综合类,否,否,732,392
34,信阳师范大学,河南,师范类,否,否,832,393
223,西华大学,四川,综合类,否,否,1388,394
1359,湖南理工学院,湖南,理工类,否,否,668,395
999,大理大学,云南,综合类,否,否,1192,396
475,景德镇陶瓷大学,江西,艺术类,否,否,869,397
482,新疆师范大学,新疆,师范类,否,否,970,398
575,贵州医科大学,贵州,医药类,否,否,917,399
366,吉林财经大学,吉林,财经类,否,否,838,400
260,四川外国语大学,重庆,语言类,否,否,966,401
365,吉林师范大学,吉林,师范类,否,否,1114,402
241,广东医科大学,广东,医药类,否,否,1109,403
433,河北经贸大学,河北,财经类,否,否,1226,404
982,长春师范大学,吉林,师范类,否,否,667,405
326,大连外国语大学,辽宁,语言类,否,否,345,406
579,西南林业大学,云南,农林类,否,否,1131,407
1207,江苏理工学院,江苏,理工类,否,否,469,410
68,闽南师范大学,福建,师范类,否,否,759,411
52,广东财经大学,广东,财经类,否,否,1332,412
1544,淮阴师范学院,江苏,师范类,否,否,192,413
1350,福建理工大学,福建,理工类,否,否,755,414
64,江西中医药大学,江西,医药类,否,否,869,415
93,河北地质大学,河北,理工类,否,否,705,416
1029,淮北师范大学,安徽,综合类,否,否,966,417
1353,海南医科大学,海南,医药类,否,否,628,418
1009,南宁师范大学,广西,师范类,否,否,1528,419
129,河南财经政法大学,河南,财经类,否,否,1126,421
562,西安外国语大学,陕西,语言类,否,否,899,422
215,北京物资学院,北京,财经类,否,否,710,424
339,锦州医科大学,辽宁,医药类,否,否,1081,425
364,长春中医药大学,吉林,医药类,否,否,853,427
426,天津城建大学,天津,综合类,否,否,734,428
1055,广东技术师范大学,广东,师范类,否,否,747,429
1210,上海电机学院,上海,理工类,否,否,1340,430
794,湖北师范大学,湖北,师范类,否,否,612,432
1364,江苏海洋大学,江苏,理工类,否,否,763,433
509,广西中医药大学,广西,医药类,否,否,1057,434
956,首都体育学院,北京,体育类,否,否,356,435
375,吉林建筑大学,吉林,理工类,否,否,717,436
114,湖北中医药大学,湖北,医药类,否,否,617,437
1028,安庆师范大学,安徽,师范类,否,否,697,438
1227,南昌工程学院,江西,理工类,否,否,439,440
1209,山东交通学院,山东,理工类,否,否,325,441
49,五邑大学,广东,综合类,否,否,438,442
1034,河南科技学院,河南,综合类,否,否,581,443
1019,江西科技师范大学,江西,师范类,否,否,905,444
1010,桂林医学院,广西,医药类,否,否,611,445
1215,井冈山大学,江西,综合类,否,否,369,446
1496,重庆文理学院,重庆,综合类,否,否,152,447
1202,浙江万里学院,浙江,理工类,否,否,280,448
1060,陕西理工大学,陕西,理工类,否,否,933,450
1243,洛阳师范学院,河南,师范类,否,否,333,451
946,天津职业技术师范大学,天津,师范类,否,否,466,452
500,仲恺农业工程学院,广东,农林类,否,否,674,453
1411,衡阳师范学院,湖南,师范类,否,否,500,454
458,安徽中医药大学,安徽,医药类,否,否,864,455
1420,临沂大学,山东,综合类,否,否,476,456
1087,天津农学院,天津,农林类,否,否,516,457
1204,黄冈师范学院,湖北,师范类,否,否,283,459
27,天津外国语大学,天津,语言类,否,否,615,460
1047,四川轻化工大学,四川,理工类,否,否,984,461
1363,长春大学,吉林,综合类,否,否,537,462
1203,长春工程学院,吉林,理工类,否,否,243,463
1339,安徽科技学院,安徽,综合类,否,否,727,465
1545,金陵科技学院,江苏,理工类,否,否,145,466
1419,西藏农牧学院,西藏,农林类,否,否,400,469
1006,贵州民族大学,贵州,民族类,否,否,865,470
1498,铜仁学院,贵州,综合类,否,否,76,472
1229,浙江传媒学院,浙江,艺术类,否,否,388,473
388,齐齐哈尔大学,黑龙江,综合类,否,否,1060,475
188,福建中医药大学,福建,医药类,否,否,542,476
1242,合肥师范学院,安徽,师范类,否,否,424,477
1221,绵阳师范学院,四川,师范类,否,否,48,478
1208,上海立信会计金融学院,上海,财经类,否,否,250,479
1008,广西科技大学,广西,理工类,否,否,822,480
45,中国刑事警察学院,辽宁,政法类,否,否,489,481
1536,攀枝花学院,四川,综合类,否,否,57,482
1424,榆林学院,陕西,综合类,否,否,321,483
1361,湖南工商大学,湖南,综合类,否,否,756,484
927,广东药科大学,广东,医药类,否,否,840,486
481,湖北汽车工业学院,湖北,理工类,否,否,900,487
1489,山东航空学院,山东,综合类,否,否,0,488
1384,沈阳医学院,辽宁,医药类,否,否,261,489
1406,湖北文理学院,湖北,综合类,否,否,225,491
1379,重庆三峡学院,重庆,综合类,否,否,745,493
1503,丽水学院,浙江,综合类,否,否,138,494
584,云南民族大学,云南,综合类,否,否,1434,496
1232,泉州师范学院,福建,师范类,否,否,218,497
947,黑龙江科技大学,黑龙江,理工类,否,否,302,498
513,广西民族大学,广西,民族类,否,否,2080,499
1222,防灾科技学院,河北,综合类,否,否,176,500
942,天津商业大学,天津,财经类,否,否,612,502
1235,湖北科技学院,湖北,综合类,否,否,300,503
841,杭州医学院,浙江,医药类,否,否,304,504
1369,宝鸡文理学院,陕西,师范类,否,否,1798,505
1214,南阳师范学院,河南,师范类,否,否,507,507
1217,大连民族大学,辽宁,民族类,否,否,568,508
279,北方民族大学,宁夏,综合类,否,否,774,512
1478,广东石油化工学院,广东,理工类,否,否,256,513
555,陕西中医药大学,陕西,医药类,否,否,950,514
1212,北华航天工业学院,河北,理工类,否,否,382,515
381,佳木斯大学,黑龙江,综合类,否,否,955,517
1042,中国人民警察大学,河北,政法类,否,否,314,518
1041,河北科技师范学院,河北,师范类,否,否,489,519
1228,湖北经济学院,湖北,财经类,否,否,361,521
1347,阜阳师范大学,安徽,师范类,否,否,540,522
1049,川北医学院,四川,医药类,否,否,793,525
582,云南财经大学,云南,财经类,否,否,1485,526
1223,济宁医学院,山东,医药类,否,否,292,527
1488,莆田学院,福建,综合类,否,否,576,532
1061,西安财经大学,陕西,财经类,否,否,781,533
1405,贵阳学院,贵州,综合类,否,否,190,534
165,皖南医学院,安徽,医药类,否,否,774,537
1356,郑州航空工业管理学院,河南,财经类,否,否,686,538
1491,湖南城市学院,湖南,理工类,否,否,184,539
487,湖南工程学院,湖南,理工类,否,否,95,540
994,西藏民族大学,陕西,民族类,否,否,707,542
1348,中国劳动关系学院,北京,政法类,否,否,425,544
1368,太原师范学院,山西,师范类,否,否,675,545
1005,贵州财经大学,贵州,财经类,否,否,1274,547
1410,北部湾大学,广西,综合类,否,否,220,548
1479,肇庆学院,广东,师范类,否,否,320,550
48,西北民族大学,甘肃,综合类,否,否,729,551
1048,中国民用航空飞行学院,四川,理工类,否,否,434,555
1486,黑龙江工程学院,黑龙江,理工类,否,否,138,557
1216,安阳师范学院,河南,师范类,否,否,300,558
382,哈尔滨商业大学,黑龙江,财经类,否,否,913,564
980,牡丹江师范学院,黑龙江,师范类,否,否,661,568
166,蚌埠医科大学,安徽,医药类,否,否,567,569
1437,昆明学院,云南,综合类,否,否,323,570
84,武汉体育学院,湖北,体育类,否,否,691,571
1360,山东工商学院,山东,财经类,否,否,481,574
1404,河北中医药大学,河北,医药类,否,否,276,576
1199,湖南人文科技学院,湖南,综合类,否,否,62,578
438,内蒙古民族大学,内蒙古,综合类,否,否,941,583
328,沈阳体育学院,辽宁,体育类,否,否,444,588
197,贵州中医药大学,贵州,医药类,否,否,912,589
998,内蒙古财经大学,内蒙古,财经类,否,否,754,590
1236,宜春学院,江西,综合类,否,否,69,592
1501,浙江警察学院,浙江,政法类,否,否,43,593
1351,天水师范学院,甘肃,师范类,否,否,465,594
1441,上海健康医学院,上海,医药类,否,否,0,598
1349,中华女子学院,北京,语言类,否,否,200,599
1200,邵阳学院,湖南,综合类,否,否,85,601
1231,海南热带海洋学院,海南,综合类,否,否,249,602
1365,赣南医科大学,江西,医药类,否,否,627,607
1241,鞍山师范学院,辽宁,师范类,否,否,250,610
944,承德医学院,河北,医药类,否,否,510,612
1566,内蒙古科技大学包头师范学院,内蒙古,师范类,否,否,0,613
1240,成都医学院,四川,医药类,否,否,536,614
1237,赤峰学院,内蒙古,综合类,否,否,274,615
1362,吉林化工学院,吉林,理工类,否,否,392,619
1534,河西学院,甘肃,综合类,否,否,71,620
580,云南中医药大学,云南,医药类,否,否,787,621
1355,河北建筑工程学院,河北,理工类,否,否,278,625
425,天津体育学院,天津,体育类,否,否,452,626
1366,宁夏师范大学,宁夏,师范类,否,否,262,628
1504,上海商学院,上海,财经类,否,否,190,634
454,南京体育学院,江苏,体育类,否,否,163,637
990,喀什大学,新疆,综合类,否,否,1230,640
1490,江苏警官学院,江苏,政法类,否,否,43,642
1234,四川警察学院,四川,政法类,否,否,76,643
991,伊犁师范大学,新疆,师范类,否,否,582,645
570,甘肃中医药大学,甘肃,医药类,否,否,1075,648
502,广州体育学院,广东,体育类,否,否,329,654
1002,甘肃政法大学,甘肃,政法类,否,否,762,656
1505,呼伦贝尔学院,内蒙古,综合类,否,否,52,657
795,湖北民族大学,湖北,综合类,否,否,528,658
1144,山西中医药大学,山西,医药类,否,否,425,664
1225,广东金融学院,广东,财经类,否,否,190,666
484,新疆财经大学,新疆,财经类,否,否,952,678
1567,内蒙古科技大学包头医学院,内蒙古,医药类,否,否,0,682
1338,华北科技学院,河北,理工类,否,否,165,685
1352,右江民族医学院,广西,医药类,否,否,512,689
573,青海民族大学,青海,民族类,否,否,959,696
1117,山东体育学院,山东,体育类,否,否,119,697
1438,山西大同大学,山西,综合类,否,否,238,698
1245,西安医学院,陕西,医药类,否,否,304,702
1543,天津中德应用技术大学,天津,理工类,否,否,27,705
981,哈尔滨体育学院,黑龙江,体育类,否,否,399,710
1495,吉林工程技术师范学院,吉林,师范类,否,否,118,715
553,成都体育学院,四川,体育类,否,否,364,721
1357,牡丹江医科大学,黑龙江,医药类,否,否,372,729
1239,黔南民族师范学院,贵州,师范类,否,否,238,733
1354,中央司法警官学院,河北,政法类,否,否,143,736
563,西安体育学院,陕西,体育类,否,否,446,739
1040,河北北方学院,河北,综合类,否,否,614,742
1224,山东政法学院,山东,政法类,否,否,157,748
1213,河北金融学院,河北,财经类,否,否,155,753
1444,齐齐哈尔医学院,黑龙江,医药类,否,否,301,754
1374,昌吉学院,新疆,综合类,否,否,332,758
1233,沈阳工程学院,辽宁,理工类,否,否,143,772
1367,长治医学院,山西,医药类,否,否,247,780
1219,广西财经学院,广西,财经类,否,否,892,784
983,吉林体育学院,吉林,体育类,否,否,260,800
1376,云南警官学院,云南,政法类,否,否,67,815
169,中国科学院大学,北京,综合类,否,否,4640,2000
158,中国人民解放军国防科技大学,湖南,军事类,是,是,526,2000
115,中共中央党校,北京,政法类,否,否,0,2000
26,陆军工程大学,江苏,军事类,否,否,458,2000
713,中国社会科学院大学,北京,综合类,否,否,861,2000
17,中国农业科学院,北京,农林类,否,否,1111,2000
888,火箭军工程大学,陕西,军事类,否,否,257,2000
60,南京艺术学院,江苏,艺术类,否,否,521,2000
210,北京电影学院,北京,艺术类,否,否,160,2000
403,海军军医大学,上海,军事类,否,是,221,2000
213,中央戏剧学院,北京,艺术类,否,否,207,2000
238,中国人民解放军空军军医大学,陕西,军事类,否,是,1452,2000
418,中央美术学院,北京,艺术类,否,否,276,2000
250,华北电力大学保定校区,河北,理工类,否,是,1648,2000
471,中国美术学院,浙江,艺术类,否,否,778,2000
881,空军工程大学,陕西,军事类,否,否,468,2000
871,中国人民解放军陆军军医大学,重庆,军事类,否,否,861,2000
97,北京服装学院,北京,艺术类,否,否,310,2000
406,上海戏剧学院,上海,艺术类,否,否,169,2000
524,四川美术学院,重庆,艺术类,否,否,375,2000
1122,解放军医学院,北京,军事类,否,否,345,2000
1000,云南艺术学院,云南,艺术类,否,否,504,2000
512,广西艺术学院,广西,艺术类,否,否,659,2000
763,中国艺术研究院,北京,艺术类,否,否,314,2000
167,陆军装甲兵学院,北京,军事类,否,否,103,2000
28,中国空间技术研究院（航天五院）,北京,理工类,否,否,43,2000
404,上海音乐学院,上海,艺术类,否,否,225,2000
465,山东艺术学院,山东,艺术类,否,否,469,2000
417,中央音乐学院,北京,艺术类,否,是,104,2000
723,中国财政科学研究院,北京,财经类,否,否,129,2000
367,吉林艺术学院,吉林,艺术类,否,否,444,2000
566,西安美术学院,陕西,艺术类,否,否,352,2000
504,广州美术学院,广东,艺术类,否,否,385,2000
44,中共陕西省委党校,陕西,政法类,否,否,86,2000
1535,中国人民解放军战略支援部队信息工程大学,河南,军事类,否,否,352,2000
72,空军预警学院,湖北,军事类,否,否,158,2000
77,中国青年政治学院,北京,政法类,否,否,139,2000
848,四川省社会科学院,四川,综合类,否,否,173,2000
409,湖北美术学院,湖北,艺术类,否,否,415,2000
1016,陆军勤务学院,重庆,军事类,否,否,179,2000
1186,上海国家会计学院,上海,财经类,否,否,123,2000
1095,中共山东省委党校（山东行政学院）,山东,政法类,否,否,91,2000
851,中共四川省委党校（四川行政学院）,四川,政法类,否,否,86,2000
769,中国疾病预防控制中心,北京,医药类,否,否,105,2000
564,四川音乐学院,四川,艺术类,否,否,364,2000
1015,中共重庆市委党校,重庆,政法类,否,否,95,2000
329,鲁迅美术学院,辽宁,艺术类,否,否,314,2000
1197,河北传媒学院,河北,艺术类,否,否,280,2000
957,中国音乐学院,北京,艺术类,否,否,134,2000
427,天津美术学院,天津,艺术类,否,否,348,2000
755,中国铁道科学研究院,北京,理工类,否,否,109,2000
1187,北京国家会计学院,北京,财经类,否,否,135,2000
398,中共黑龙江省委党校,黑龙江,政法类,否,否,70,2000
16,中国原子能科学研究院,北京,理工类,否,否,297,2000
1058,中共江苏省委党校,江苏,政法类,否,否,102,2000
420,北京舞蹈学院,北京,艺术类,否,否,114,2000
1185,厦门国家会计学院,福建,财经类,否,否,131,2000
772,中国中医科学院,北京,医药类,否,否,380,2000
1022,中共湖南省委党校,湖南,政法类,否,否,82,2000
767,中国电影艺术研究中心,北京,理工类,否,否,37,2000
1118,山东工艺美术学院,山东,艺术类,否,否,234,2000
764,西安机电信息技术研究所（212所）,陕西,理工类,否,否,15,2000
419,中国戏曲学院,北京,艺术类,否,否,135,2000
565,西安音乐学院,陕西,艺术类,否,否,300,2000
734,国网电力科学研究院,江苏,理工类,否,否,20,2000
1194,北京城市学院,北京,综合类,否,否,320,2000
838,上海社会科学院,上海,综合类,否,否,126,2000
1195,西京学院,陕西,理工类,否,否,312,2000
96,中共北京市委党校,北京,政法类,否,否,79,2000
913,上海航天技术研究院,上海,理工类,否,否,47,2000
905,中共上海市委党校,上海,政法类,否,否,72,2000
959,中国科学技术信息研究所,北京,理工类,否,否,17,2000
402,武汉音乐学院,湖北,艺术类,否,否,287,2000
13,中国气象科学研究院,北京,理工类,否,否,55,2000
345,沈阳音乐学院,辽宁,艺术类,否,否,295,2000
846,广东省社会科学院,广东,综合类,否,否,28,2000
621,中国科学院上海药物研究所,上海,医药类,否,否,22,2000
978,空军航空大学,吉林,军事类,否,否,41,2000
1196,吉林外国语大学,吉林,语言类,否,否,637,2000
762,武汉邮电科学研究院,湖北,理工类,否,否,180,2000
703,华北计算机系统工程研究所,北京,理工类,否,否,11,2000
933,星海音乐学院,广东,艺术类,否,否,160,2000
1059,空军勤务学院,江苏,军事类,否,否,64,2000
1086,中共湖北省委党校,湖北,政法类,否,否,43,2000
740,中国环境科学研究院,北京,理工类,否,否,65,2000
943,陆军军事交通学院,天津,军事类,否,否,68,2000
894,武警工程大学,陕西,军事类,否,否,124,2000
880,空军指挥学院,北京,军事类,否,否,114,2000
971,中国石油勘探开发研究院,北京,理工类,否,否,12,2000
30,中国工程物理研究院,北京,理工类,否,否,96,2000
988,中共辽宁省委党校,辽宁,政法类,否,否,30,2000
773,中国运载火箭技术研究院,北京,理工类,否,否,63,2000
789,中日友好临床医学研究所,北京,理工类,否,否,20,2000
598,中国科学院昆明植物研究所,云南,农林类,否,否,35,2000
533,中国科学院广州化学研究所,广东,理工类,否,否,21,2000
246,天津音乐学院,天津,艺术类,否,否,207,2000
726,国际贸易经济合作研究院,北京,理工类,否,否,161,2000
731,中国林业科学研究院,北京,理工类,否,否,274,2000
1071,西安微电子技术研究所,陕西,理工类,否,否,16,2000
850,中共浙江省委党校,浙江,综合类,否,否,86,2000
1094,山东非金属材料研究所,山东,理工类,否,否,12,2000
1023,山西省中医药研究院,山西,医药类,否,否,51,2000
778,上海生物制品研究所,上海,理工类,否,否,10,2000
58,中国水利水电科学研究院,北京,理工类,否,否,45,2000
918,中国医药工业研究总院,上海,医药类,否,否,53,2000
615,中国机械科学研究总院,北京,理工类,否,否,37,2000
733,中国电力科学研究院,北京,理工类,否,否,19,2000
817,江苏自动化研究所,江苏,综合类,否,否,9,2000
29,中国建筑设计研究院,北京,理工类,否,否,0,2000
843,湖北省社会科学院,湖北,政法类,否,否,115,2000
6,中国地震局地球物理研究所,北京,军事类,否,否,14,2000
1375,新疆艺术学院,新疆,艺术类,否,否,167,2000
31,中共广东省委党校,广东,政法类,否,否,85,2000
346,中国科学院大连化学物理研究所,辽宁,理工类,否,否,12,2000
737,中国建筑科学研究院,北京,理工类,否,否,10,2000
14,中国地质科学院,北京,理工类,否,否,50,2000
601,中国科学院成都生物研究所,四川,理工类,否,否,38,2000
1072,中国航天科技集团有限公司第六研究院第十一研究所,陕西,理工类,否,否,0,2000
753,中国航空研究院602研究所,江西,理工类,否,否,5,2000
855,陆军炮兵防空兵学院,安徽,军事类,否,否,122,2000
719,西安近代化学研究所（204所）,陕西,理工类,否,否,55,2000
690,中国航空研究院609研究所,江苏,理工类,否,否,6,2000
801,自然资源部第三海洋研究所,福建,理工类,否,否,22,2000
742,中冶集团建筑研究总院,北京,理工类,否,否,10,2000
599,中国科学院华南植物园,广东,农林类,否,否,53,2000
1101,中国空间技术研究院510所,甘肃,理工类,否,否,15,2000
862,陆军防化学院,北京,军事类,否,否,123,2000
849,中共吉林省委党校（吉林省行政学院）,吉林,综合类,否,否,64,2000
349,中国科学院金属研究所,辽宁,理工类,否,否,82,2000
1031,中国科学院合肥物质科学研究院,安徽,理工类,否,否,203,2000
923,中国地震局地质研究所,北京,理工类,否,否,14,2000
665,中国科学院西安光学精密机械研究所,陕西,理工类,否,否,65,2000
819,中国石化石油化工科学研究院,北京,理工类,否,否,52,2000
902,西北核技术研究所,陕西,理工类,否,否,10,2000
722,西安应用光学研究所（205所）,陕西,理工类,否,否,13,2000
1003,中国科学院寒区旱区环境与工程研究所,甘肃,理工类,否,否,0,2000
1093,中国科学院海洋研究所,山东,理工类,否,否,70,2000
545,中国科学院山西煤炭化学研究所,山西,理工类,否,否,42,2000
783,武汉生物制品研究所,湖北,理工类,否,否,20,2000
542,中国科学院上海硅酸盐研究所,上海,理工类,否,否,11,2000
371,中国科学院长春光学精密机械与物理研究所,吉林,理工类,否,否,154,2000
906,中国地震局地震预测研究所,北京,理工类,否,否,33,2000
806,中国地震局兰州地震研究所,甘肃,理工类,否,否,30,2000
738,中国城市规划设计研究院,北京,艺术类,否,否,3,2000
585,中国科学院地球化学研究所,贵州,理工类,否,否,27,2000
785,兰州生物制品研究所,甘肃,理工类,否,否,8,2000
559,中国科学院成都山地灾害与环境研究所,四川,理工类,否,否,23,2000
534,中国科学院福建物质结构研究所,福建,理工类,否,否,66,2000
757,交通运输部公路科学研究所,北京,理工类,否,否,30,2000
1633,滁州学院,安徽,综合类,否,否,90,2000
632,中国核动力研究设计院,四川,理工类,否,否,28,2000
754,郑州烟草研究院,河南,医药类,否,否,12,2000
614,中国科学院水生生物研究所,湖北,理工类,否,否,29,2000
735,长江科学院,湖北,理工类,否,否,40,2000
995,西藏藏医药大学,西藏,医药类,否,否,105,2000
791,中国航天科工集团第二研究院,北京,理工类,否,否,52,2000
822,北京有色金属研究总院（有研科技集团有限公司）,北京,理工类,否,否,87,2000
945,中国地震局工程力学研究所,黑龙江,理工类,否,否,101,2000
396,黑龙江省社会科学院,黑龙江,理工类,否,否,95,2000
369,中国科学院长春应用化学研究所,吉林,理工类,否,否,131,2000
680,北京航空材料研究院,北京,理工类,否,否,6,2000
11,应急管理部国家自然灾害防治研究院,北京,理工类,否,否,25,2000
974,中国食品发酵工业研究院,北京,理工类,否,否,8,2000
683,中国科学院广州能源研究所,广东,理工类,否,否,52,2000
874,海军指挥学院,江苏,军事类,否,否,430,2000
800,自然资源部第二海洋研究所,浙江,理工类,否,否,73,2000
622,中国科学院武汉病毒研究所,湖北,医药类,否,否,30,2000
348,中国科学院沈阳计算技术研究所,辽宁,理工类,否,否,69,2000
651,中国科学院南京土壤研究所,江苏,农林类,否,否,24,2000
972,北京化工研究院,北京,理工类,否,否,13,2000
94,钢铁研究总院,北京,理工类,否,否,16,2000
662,中国科学院上海光学精密机械研究所,上海,理工类,否,否,21,2000
1193,黑龙江东方学院,黑龙江,综合类,否,否,50,2000
350,中国科学院沈阳自动化研究所,辽宁,理工类,否,否,40,2000
725,昆明物理研究所（211所）,云南,理工类,否,否,25,2000
821,北京矿冶研究总院,北京,理工类,否,否,19,2000
1517,中国科学院半导体研究所,北京,综合类,否,否,56,2000
619,北京机电研究所,北京,理工类,否,否,9,2000
820,昆明贵金属研究所,云南,理工类,否,否,37,2000
1617,衢州学院,浙江,综合类,否,否,45,2000
653,中国科学院西双版纳热带植物园,云南,理工类,否,否,27,2000
1611,浙江树人学院,浙江,综合类,否,否,0,2000
796,长春生物制品研究所,吉林,医药类,否,否,10,2000
810,中国计量科学研究院,北京,理工类,否,否,18,2000
666,中国科学院上海技术物理研究所,上海,理工类,否,否,12,2000
1065,西北机电工程研究所（202所）,陕西,理工类,否,否,20,2000
709,中国科学院广州地球化学研究所,广东,理工类,否,否,49,2000
955,中国科学院新疆理化技术研究所,新疆,理工类,否,否,64,2000
535,中国科学院青海盐湖研究所,青海,理工类,否,否,27,2000
537,中国科学院上海有机化学研究所,上海,理工类,否,否,24,2000
1343,中国食品药品检定研究院,北京,医药类,否,否,15,2000
839,江苏省植物研究所,江苏,农林类,否,否,29,2000
1039,中国科学院光电技术研究所,四川,理工类,否,否,30,2000
908,中国科学院上海微系统与信息技术研究所,上海,理工类,否,否,94,2000
1063,西安热工研究院有限公司,陕西,理工类,否,否,10,2000
1373,武警后勤学院,天津,军事类,否,否,100,2000
1372,武警指挥学院,天津,军事类,否,否,130,2000
765,陕西应用物理化学研究所（213）,陕西,理工类,否,否,12,2000
736,南京水利科学研究院,江苏,理工类,否,否,80,2000
997,中国科学院西北高原生物研究所,青海,理工类,否,否,19,2000
540,中国科学院兰州化学物理研究所,甘肃,理工类,否,否,10,2000
915,上海化工研究院,上海,理工类,否,否,6,2000
57,核工业北京地质研究院,北京,综合类,否,否,11,2000
727,西南技术物理研究所（209所）,四川,理工类,否,否,21,2000
603,冶金自动化研究设计院,北京,理工类,否,否,27,2000
776,北京生物制品研究所,北京,理工类,否,否,9,2000
679,中国航空研究院631所,陕西,理工类,否,否,8,2000
932,中国科学院上海应用物理研究所,上海,理工类,否,否,44,2000
588,中国科学院南海海洋研究所,广东,理工类,否,否,17,2000
1595,浙江越秀外国语学院,浙江,语言类,否,否,0,2000
682,中国航空制造技术研究院,北京,理工类,否,否,0,2000
1587,湖南第一师范学院,湖南,师范类,否,否,75,2000
939,中国航天科工集团第三研究院,北京,理工类,否,否,35,2000
1615,琼台师范学院,海南,师范类,否,否,0,2000
1590,韶关学院,广东,综合类,否,否,30,2000
751,中国日用化学工业研究院,山西,理工类,否,否,15,2000
597,中国科学院植物研究所,北京,农林类,否,否,47,2000
837,上海国际问题研究院,上海,政法类,否,否,30,2000
1494,三亚学院,海南,综合类,否,否,108,2000
628,中国农业机械化科学研究院,北京,理工类,否,否,16,2000
395,黑龙江省中医药科学院,黑龙江,医药类,否,否,176,2000
625,上海材料研究所,上海,理工类,否,否,5,2000
556,中国科学院南京地理与湖泊研究所,江苏,理工类,否,否,11,2000
1142,中国航空研究院606研究所,辽宁,理工类,否,否,5,2000
596,中国科学院昆明动物研究所,云南,农林类,否,否,20,2000
1066,西安现代控制技术研究所,陕西,理工类,否,否,20,2000
673,中国航空研究院611所,四川,理工类,否,否,6,2000
1079,武汉数字工程研究所,湖北,理工类,否,否,17,2000
1585,浙江外国语学院,浙江,语言类,否,否,61,2000
1064,中国科学院地球环境研究所,陕西,理工类,否,否,22,2000
691,中国科学院遗传与发育生物学研究所农业资源研究中心,河北,农林类,否,否,21,2000
617,北京机械工业自动化研究所,北京,理工类,否,否,10,2000
638,核工业西南物理研究院,四川,理工类,否,否,31,2000
1120,中国飞行试验研究院,陕西,理工类,否,否,0,2000
122,中国科学院电工研究所,北京,理工类,否,否,20,2000
627,武汉材料保护研究所,湖北,理工类,否,否,13,2000
525,中国科学院云南天文台,云南,理工类,否,否,20,2000
347,中国科学院沈阳应用生态研究所,辽宁,理工类,否,否,40,2000
1045,陆军步兵学院,江西,军事类,否,否,30,2000
518,中国科学院近代物理研究所,甘肃,理工类,否,否,42,2000
1613,天津仁爱学院,天津,综合类,否,否,0,2000
1097,中国科学院广州生物医药与健康研究院,广东,医药类,否,否,15,2000
607,中钢集团洛阳耐火材料研究院,河南,理工类,否,否,8,2000
699,北京长城计量测试技术研究所,北京,理工类,否,否,11,2000
903,中国空气动力研究与发展中心,四川,理工类,否,否,0,2000
626,郑州机械研究所,河南,理工类,否,否,10,2000
813,中国测绘科学研究院,北京,理工类,否,否,24,2000
1082,华中光电技术研究所,湖北,理工类,否,否,19,2000
1629,贺州学院,广西,综合类,否,否,120,2000
744,中钢集团马鞍山矿山研究院,安徽,理工类,否,否,18,2000
1602,新疆工程学院,新疆,理工类,否,否,0,2000
1569,中国航空研究院627研究所,黑龙江,其他,否,否,5,2000
1577,天津大学佐治亚理工深圳学院,广东,理工类,否,否,0,2000
745,沈阳化工研究院,辽宁,理工类,否,否,10,2000
720,内蒙古金属材料研究所（52所）,内蒙古,理工类,否,否,20,2000
1605,湖南财政经济学院,湖南,财经类,否,否,0,2000
701,中国航空研究院618所,陕西,理工类,否,否,5,2000
1068,西安航天精密机电研究所（航天16所）,陕西,理工类,否,否,0,2000
816,中国船舶科学研究中心（即702所）,江苏,理工类,否,否,7,2000
1069,航天动力技术研究院,陕西,理工类,否,否,31,2000
825,北京市生态环境保护科学研究院,北京,理工类,否,否,5,2000
522,中国科学院紫金山天文台,江苏,理工类,否,否,25,2000
962,国家纳米科学中心,北京,综合类,否,否,24,2000
499,中国科学院高能物理研究所,北京,理工类,否,否,35,2000
1519,中国科学院软件研究所,北京,其他,否,否,24,2000
728,中国北方自动控制技术研究所,山西,理工类,否,否,50,2000
1579,河南城建学院,河南,理工类,否,否,45,2000
803,国家海洋技术中心,天津,理工类,否,否,4,2000
523,中国科学院上海天文台,上海,理工类,否,否,10,2000
1508,中国科学院苏州生物医学工程技术研究所,江苏,其他,否,否,49,2000
669,中国航空工业集团公司西安飞机设计研究所,陕西,理工类,否,否,6,2000
827,北京市市政工程研究院,北京,理工类,否,否,3,2000
746,中国航空工业第613研究所,河南,理工类,否,否,6,2000
1572,中国航空研究院（630所）,陕西,其他,否,否,5,2000
1026,杭州应用声学研究所,浙江,理工类,否,否,15,2000
984,中国科学院东北地理与农业生态研究所,吉林,农林类,否,否,33,2000
743,长沙矿冶研究院,湖南,理工类,否,否,15,2000
917,电信科学技术第一研究所（上海）,上海,理工类,否,否,8,2000
1098,中国科学院宁波材料技术与工程研究所,浙江,理工类,否,否,75,2000
654,中国科学院水土保持与生态环境研究中心,陕西,农林类,否,否,13,2000
807,中国地震局地震研究所,湖北,理工类,否,否,37,2000
498,中国科学院物理研究所,北京,理工类,否,否,20,2000
1551,中国航天科技集团有限公司第五研究院西安分院,陕西,其他,否,否,0,2000
779,中国航天系统科学与工程研究院,北京,理工类,否,否,10,2000
730,中国北方车辆研究所,北京,理工类,否,否,7,2000
941,航天科工集团三院8358所,天津,理工类,否,否,4,2000
491,中国科学院武汉岩土力学研究所,湖北,理工类,否,否,18,2000
815,中国舰船研究设计中心（701所）,湖北,理工类,否,否,3,2000
600,中国科学院武汉植物园,湖北,理工类,否,否,12,2000
528,中国科学院国家天文台,北京,理工类,否,否,19,2000
1052,西南自动化研究所,四川,理工类,否,否,10,2000
1062,中国科学院国家授时中心,陕西,理工类,否,否,20,2000
812,四川抗菌素工业研究所,四川,医药类,否,否,0,2000
1084,武汉第二船舶设计研究所,湖北,理工类,否,否,3,2000
1600,咸阳师范学院,陕西,师范类,否,否,85,2000
1606,湖北工程学院,湖北,理工类,否,否,0,2000
1020,中国科学院亚热带农业生态研究所,湖南,理工类,否,否,19,2000
940,航天科工集团三院8357所,天津,理工类,否,否,4,2000
1112,中国科学院合肥物质科学研究院固体物理研究所,安徽,理工类,否,否,0,2000
912,中国航空研究院640所,上海,理工类,否,否,9,2000
1507,中国科学院苏州纳米技术与纳米仿生研究所,江苏,其他,否,否,35,2000
1497,自然资源部第一海洋研究所,山东,其他,否,否,63,2000
541,中国科学院兰州地质研究所,甘肃,理工类,否,否,0,2000
1570,中国航空研究院（608研究所）,湖南,其他,否,否,8,2000
1542,中国电子科技集团公司电子科学研究院,北京,其他,否,否,392,2000
1509,中国科学院自然科学史研究所,北京,综合类,否,否,5,2000
710,中国科学院科技政策与管理科学研究所,北京,理工类,否,否,0,2000
1571,中国航空研究院（625所）,北京,其他,否,否,12,2000
1513,中国科学院国家空间科学中心,北京,其他,否,否,31,2000
916,上海船舶运输科学研究所,上海,理工类,否,否,8,2000
1578,平顶山学院,河南,综合类,否,否,45,2000
613,中钢集团武汉安全环保研究院,湖北,理工类,否,否,8,2000
1516,中国科学院心理研究所,北京,其他,否,否,38,2000
1559,中国人民解放军海军大连舰艇学院,辽宁,军事类,否,否,78,2000
589,中国科学院遥感应用研究所,北京,理工类,否,否,0,2000
954,中国科学院过程工程研究所,北京,理工类,否,否,25,2000
593,中国科学院遥感与数字地球研究所,北京,理工类,否,否,0,2000
694,中国科学院微电子研究所,北京,理工类,否,否,17,2000
624,机械科学研究院哈尔滨焊接研究所,黑龙江,理工类,否,否,4,2000
1004,天华化工机械及自动化研究设计院,甘肃,理工类,否,否,2,2000
544,中国科学院生态环境研究中心,北京,理工类,否,否,56,2000
1530,中国科学院深海科学与工程研究所,海南,其他,否,否,14,2000
1603,湖南科技学院,湖南,理工类,否,否,0,2000
1604,湖南文理学院,湖南,综合类,否,否,50,2000
1521,中国科学院文献情报中心,北京,其他,否,否,5,2000
397,黑龙江省科学院,黑龙江,综合类,否,否,36,2000
1531,中国科学院脑科学与智能技术卓越创新中心,上海,其他,否,否,13,2000
1518,中国科学院自动化研究所,北京,其他,否,否,6,2000
1510,中国科学院化学研究所,北京,综合类,否,否,23,2000
877,海军潜艇学院,山东,理工类,否,否,65,2000
551,中国科学院大气物理研究所,北京,理工类,否,否,31,2000
1121,西安精密机械研究所,陕西,理工类,否,否,9,2000
486,中国科学院数学与系统科学研究院,北京,理工类,否,否,11,2000
648,北京航空精密机械研究所,北京,理工类,否,否,6,2000
1561,解放军陆军航空兵学院,北京,军事类,否,否,40,2000
922,上海船舶电子设备研究所（七二六研究所）,上海,理工类,否,否,2,2000
489,中国科学院系统科学研究所,北京,理工类,否,否,0,2000
547,中国科学院南京地质古生物研究所,江苏,理工类,否,否,8,2000
1044,邯郸净化设备研究所,河北,理工类,否,否,4,2000
1548,核工业第二研究设计院（中国核电工程有限公司）,北京,其他,否,否,6,2000
1549,电信科学技术研究院,北京,其他,否,否,67,2000
1553,中国人民解放军陆军特种作战学院,广西,其他,否,否,30,2000
802,国家海洋环境预报研究中心,北京,理工类,否,否,4,2000
1547,中国兽医药品监察所,北京,其他,否,否,25,2000
658,中国科学院工程热物理研究所,北京,理工类,否,否,19,2000
1562,中国人民解放军军事科学院,北京,军事类,否,否,387,2000
1557,战略支援部队第五十六研究所,江苏,军事类,否,否,10,2000
1053,电信科学技术第五研究所,四川,理工类,否,否,10,2000
1554,中国航发湖南动力机械研究所,湖南,其他,否,否,0,2000
618,中国科学院遗传与发育生物学研究所,北京,理工类,否,否,10,2000
1409,哈尔滨音乐学院,黑龙江,艺术类,否,否,105,2000
647,中国航空研究院,北京,理工类,否,否,19,2000
516,中国科学院等离子体物理研究所,安徽,理工类,否,否,0,2000
611,中钢集团天津地质研究院有限公司,天津,理工类,否,否,2,2000
847,广东省心血管病研究所,广东,医药类,否,否,100,2000
548,中国科学院地质与地球物理研究所,北京,理工类,否,否,36,2000
677,中国航空研究院624所,四川,理工类,否,否,6,2000
493,中国科学院北京力学研究所,北京,理工类,否,否,10,2000
1533,中国科学院杭州高等研究院,北京,其他,否,否,168,2000
505,中国科学院理论物理研究所,北京,理工类,否,否,4,2000
1589,韩山师范学院,广东,师范类,否,否,0,2000
664,中国科学院安徽光学精密机械研究所,安徽,综合类,否,否,0,2000
606,中国科学院分子细胞科学卓越创新中心,上海,理工类,否,否,13,2000
635,上海核工程研究设计院,上海,理工类,否,否,2,2000
630,上海发电设备成套设计研究院,上海,理工类,否,否,6,2000
1565,国家体育总局体育科学研究所,北京,其他,否,否,45,2000
655,中国科学院计算技术研究所,北京,理工类,否,否,63,2000
660,中国科学院北京电子学研究所,北京,理工类,否,否,0,2000
636,核工业北京化工冶金研究院,北京,理工类,否,否,8,2000
818,天津航海仪器研究所,天津,理工类,否,否,4,2000
824,北京市科学技术研究院城市安全与环境科学研究所,北京,理工类,否,否,17,2000
1558,解放军南京陆军指挥学院,江苏,军事类,否,否,113,2000
1563,中国人民解放军战略支援部队航天工程大学,北京,军事类,否,否,174,2000
637,中国辐射防护研究院,山西,理工类,否,否,16,2000
953,中国科学院理化技术研究所,北京,理工类,否,否,35,2000
1584,南京晓庄学院,江苏,综合类,否,否,35,2000
1520,中国科学院成都计算机应用研究所,四川,其他,否,否,20,2000
1546,中国人民解放军国防大学,北京,军事类,否,否,136,2000
1514,中国科学院新疆生态与地理研究所,新疆,其他,否,否,76,2000
1588,盐城师范学院,江苏,师范类,否,否,30,2000
1527,中国科学院烟台海岸带研究所,山东,其他,否,否,29,2000
1528,中国科学院天津工业生物技术研究所,天津,其他,否,否,7,2000
1555,中国人民解放军火箭军指挥学院,湖北,其他,否,否,60,2000
1522,中国科学院计算机网络信息中心,北京,其他,否,否,25,2000
1580,长江师范学院,重庆,师范类,否,否,280,2000
823,长沙矿山研究院,湖南,理工类,否,否,8,2000
707,中国科学院南京天文仪器研制中心,江苏,理工类,否,否,2,2000
814,中国舰船研究院,北京,理工类,否,否,28,2000
1119,湖南省中医药研究院,湖南,医药类,否,否,0,2000
604,中国科学院生物物理研究所,北京,理工类,否,否,22,2000
1083,武汉船舶通信研究所,湖北,理工类,否,否,11,2000
1092,中国科学院青藏高原研究所,北京,理工类,否,否,17,2000
920,上海船舶设备研究所,上海,理工类,否,否,3,2000
1036,郑州机电工程研究所,河南,理工类,否,否,6,2000
831,首都儿科研究所,北京,医药类,否,否,26,2000
1525,中国科学院上海免疫与感染研究所,上海,其他,否,否,13,2000
1511,中国科学院成都有机化学研究所,四川,其他,否,否,22,2000
1523,中国科学院科技战略咨询研究院,北京,其他,否,否,3,2000
676,中国航空研究院623所,陕西,理工类,否,否,5,2000
527,中国科学院渗流流体力学研究所,河北,理工类,否,否,6,2000
352,沈阳铸造研究所,辽宁,理工类,否,否,6,2000
798,中国建筑材料科学研究院,北京,理工类,否,否,8,2000
752,中国制浆造纸研究院,北京,理工类,否,否,10,2000
1583,德州学院,山东,综合类,否,否,10,2000
1560,核工业理化工程研究院,天津,其他,否,否,9,2000
1552,西安电子工程研究所（206所）,陕西,其他,否,否,15,2000
1077,中国航空研究院610所,湖北,理工类,否,否,7,2000
1057,中国科学院北京基因组研究所（国家生物信息中心）,北京,理工类,否,否,19,2000
840,江苏省血吸虫病防治研究所,江苏,医药类,否,否,4,2000
1612,玉林师范学院,广西,师范类,否,否,180,2000
1614,泰山学院,山东,综合类,否,否,0,2000
828,北京市结核病胸部肿瘤研究所,北京,医药类,否,否,25,2000
356,煤炭科学研究总院,北京,理工类,否,否,30,2000
1624,湖北理工学院,湖北,理工类,否,否,350,2000
1620,运城学院,山西,综合类,否,否,0,2000
1096,中国科学院南京天文光学技术研究所,江苏,理工类,否,否,14,2000
592,中国科学院北京空间科学与应用研究中心,北京,理工类,否,否,0,2000
1635,宜宾学院,四川,综合类,否,否,0,2000
1642,贵州师范学院,贵州,师范类,否,否,100,2000
1564,卫生部北京老年医学研究所,北京,医药类,否,否,20,2000
1639,乐山师范学院,四川,师范类,否,否,40,2000
1640,曲靖师范学院,云南,师范类,否,否,30,2000
1626,长沙学院,湖南,综合类,否,否,330,2000
1616,潍坊学院,山东,综合类,否,否,15,2000
1628,西安文理学院,陕西,综合类,否,否,120,2000
1618,唐山师范学院,河北,师范类,否,否,10,2000
1550,中国航天空气动力技术研究院,北京,其他,否,否,5,2000
698,中国航空工业总公司第六二八研究所,北京,理工类,否,否,1,2000
1630,徐州工程学院,江苏,理工类,否,否,0,2000
394,哈尔滨船舶锅炉涡轮机研究所,黑龙江,理工类,否,否,4,2000
1622,西昌学院,四川,综合类,否,否,24,2000
826,北京市心肺血管疾病研究所,北京,医药类,否,否,10,2000
1608,哈尔滨学院,黑龙江,综合类,否,否,80,2000
353,中国航空研究院601研究所,辽宁,理工类,否,否,6,2000
1610,遵义师范学院,贵州,师范类,否,否,70,2000
1107,中国科学院研究生院信息科学与工程学院,北京,理工类,否,否,0,2000
987,大连测控技术研究所,辽宁,理工类,否,否,8,2000
1051,中国科学院成都文献情报中心,四川,政法类,否,否,0,2000
919,中国船舶工业集团公司第七○八研究所（中国船舶及海洋工程设计研究院）,上海,理工类,否,否,1,2000
1537,中国航天科工集团第十研究院,贵州,其他,否,否,29,2000
1515,中国科学院动物研究所,北京,其他,否,否,36,2000
1526,中国科学院深圳先进技术研究院,广东,其他,否,否,0,2000
1632,内江师范学院,四川,师范类,否,否,24,2000
1099,中国科学院国家天文台长春人造卫星观测站,吉林,理工类,否,否,0,2000
501,中国科学院声学研究所,北京,理工类,否,否,15,2000
1512,中国科学院古脊椎动物与古人类研究所,北京,其他,否,否,6,2000
685,中国航空规划设计研究总院有限公司,北京,理工类,否,否,1,2000
1532,中国科学院微小卫星创新研究院,上海,其他,否,否,6,2000
1529,中国科学院重庆绿色智能技术研究院,重庆,其他,否,否,34,2000
1586,常州工学院,江苏,理工类,否,否,30,2000
1524,中国科学院新疆天文台,新疆,其他,否,否,18,2000
921,上海船用柴油机研究所,上海,理工类,否,否,8,2000
973,北京市科学技术研究院资源环境研究所,北京,理工类,否,否,18,2000
1556,洛阳船舶材料研究所,河南,其他,否,否,8,2000
1081,武汉船用电力推进装置研究所,湖北,理工类,否,否,5,2000
657,中国科学院技术科学部（计算数学与科学工程研究所）,北京,理工类,否,否,0,2000
747,北京橡胶工业研究设计院,北京,理工类,否,否,6,2000
1598,浙大宁波理工学院,浙江,理工类,否,否,45,2000
355,中国航空研究院626所,辽宁,理工类,否,否,4,2000
1623,安康学院,陕西,综合类,否,否,0,2000
391,中国航空工业空气动力研究院,黑龙江,理工类,否,否,0,2000
1625,商洛学院,陕西,综合类,否,否,0,2000
1607,宁德师范学院,福建,师范类,否,否,0,2000
1609,武夷学院,福建,综合类,否,否,90,2000
829,北京市创伤骨科研究所,北京,医药类,否,否,4,2000
1621,兰州城市学院,甘肃,综合类,否,否,60,2000
1582,上饶师范学院,江西,师范类,否,否,45,2000
1581,九江学院,江西,综合类,否,否,45,2000
1619,福建江夏学院,福建,综合类,否,否,0,2000
1597,玉溪师范学院,云南,师范类,否,否,30,2000
1636,常熟理工学院,江苏,理工类,否,否,30,2000
1641,陇东学院,甘肃,综合类,否,否,60,2000
1627,三明学院,福建,综合类,否,否,80,2000
1634,枣庄学院,山东,综合类,否,否,18,2000
1592,惠州学院,广东,综合类,否,否,150,2000
1591,岭南师范学院,广东,师范类,否,否,220,2000
1593,嘉应学院,广东,综合类,否,否,0,2000
1596,皖西学院,安徽,综合类,否,否,80,2000
1594,上海杉达学院,上海,综合类,否,否,45,2000
1100,中国科学院兰州文献情报中心,北京,政法类,否,否,0,2000
1638,南京警察学院,江苏,政法类,否,否,0,2000
1599,红河学院,云南,综合类,否,否,30,2000
1540,中国航天科技集团公司第四研究院第四十二所,湖北,其他,否,否,0,2000
1573,长江商学院,北京,其他,否,否,250,2000
1575,宁夏理工学院,宁夏,理工类,否,否,33,2000
1576,中国航空研究院（014中心）,河南,其他,否,否,7,2000
1631,龙岩学院,福建,综合类,否,否,80,2000
591,中国科学院地理科学与资源研究所,北京,理工类,否,否,18,2000
1601,呼和浩特民族学院,内蒙古,民族类,否,否,0,2000
1430,西湖大学,浙江,理工类,否,否,0,2000
602,中国科学院分子植物科学卓越创新中心,上海,农林类,否,否,38,2000
1574,中央社会主义学院,北京,其他,否,否,30,2000
1541,深圳理工大学,广东,理工类,否,否,0,2000
1418,深圳技术大学,广东,理工类,否,否,0,2000
759,电信科学技术第四研究所（西安）,陕西,理工类,否,否,3,2000
1637,宿州学院,安徽,综合类,否,否,0,2000
1487,中国科学院精密测量科学与技术创新研究院,湖北,理工类,否,否,40,2000
1506,浙江音乐学院,浙江,艺术类,否,否,192,2000
1425,香港恒生大学,香港,综合类,否,否,0,2000
1402,海军航空大学,山东,军事类,否,否,113,2000
1421,广东以色列理工学院,广东,理工类,否,否,0,2000
1432,中国科学院信息工程研究所,北京,理工类,否,否,118,2000
1452,中国科学院青岛生物能源与过程研究所,山东,理工类,否,否,8,2000
1445,香港科技大学,香港,综合类,否,否,0,2000
1436,中国科学院西北生态环境资源研究院,甘肃,理工类,否,否,40,2000
1435,中国科学院城市环境研究所,福建,理工类,否,否,24,2000
1433,中国科学院上海高等研究院,上海,理工类,否,否,11,2000
1431,中国科学院微生物研究所,北京,理工类,否,否,20,2000
1434,中国科学院空间应用工程与技术中心,北京,理工类,否,否,13,2000
1448,山东产业技术研究院,山东,综合类,否,否,0,2000
1451,香港科技大学（广州）,香港,综合类,否,否,0,2000
1447,香港城市大学,香港,综合类,否,否,0,2000
1449,海军勤务学院,天津,军事类,否,否,40,2000
1460,内蒙古艺术学院,内蒙古,艺术类,否,否,159,2000
1474,澳门城市大学,澳门,综合类,否,否,0,2000
1463,香港中文大学,香港,综合类,否,否,0,2000
1464,香港大学,香港,综合类,否,否,0,2000
1476,澳门科技大学,澳门,综合类,否,否,0,2000
1465,香港理工大学,香港,综合类,否,否,0,2000
1473,澳门大学,澳门,综合类,否,否,0,2000
1469,香港岭南大学,香港,综合类,否,否,0,2000
1472,香港演艺学院,香港,艺术类,否,否,0,2000
1467,香港教育大学,香港,综合类,否,否,0,2000
1466,香港浸会大学,香港,综合类,否,否,0,2000
1468,香港都会大学,香港,综合类,否,否,0,2000
1470,香港树仁大学,香港,综合类,否,否,0,2000
1471,香港珠海学院,香港,综合类,否,否,0,2000
1477,澳门旅游大学,澳门,综合类,否,否,0,2000
1475,澳门理工大学,澳门,理工类,否,否,0,2000
